,title_advert,location1,location2,property_type,property_size,bedrooms,bathrooms,cost,amenities,description,listed,completion,descriptions
0,['PLOT FACING BASKETBALL COURT|END UNIT |HUGE PLOT'],"['The Parkway at Dubai HillsDubai, Dubai Hills Estate, Dubai Hills']",,['Land'],"['8,428 sqft\n                      /            783 sqm']",[],[],"['5,433,000  AED']",['Security'],,['Listed:more than 6 months ago'],[],"['DescriptionRealty Force Real Estate is pleased to offer this plot located in The Parkway, Dubai Hills Estate.\nProperty Features:\n* Residential G+1\n* Plot size: 8590 sq.ft\n* Facing Basketball court\n* End Unit\n* Near Park\n* Asking price: AED 5,433,000/-\nBROKERS EXCUSE.\nPlease talk to us once before making a final decision. \nAll our ads are genuine after confirming with Sellers\nSituated in The Parkway development of the prestigious Dubai Hills neighborhood, the 61 six and seven-bedroom villas’ cutting-edge architecture in both classic and contemporary design create indoor and outdoor spaces that effortlessly intertwine.\nDubai Hills Estate is a unique blend of elegantly-planned neighborhoods centered around a magnificent 18-hole championship golf course. As the largest development of its kind in the region, it’s an exciting  way to live\nRealty Force Real Estate Brokers\nMobile Number: +971554802323\nRERA ORN:1038']"
1,['Burj View | Motivated Seller | Reduced Price'],"['GrandeDubai, Downtown Dubai, Opera District']",,['Apartment'],"['1,245 sqft\n                      /            116 sqm']",['2'],['3'],"['2,251,888  AED']",['Unfurnished\nBalcony\nBuilt in Wardrobes\nCentral A/C\nConcierge\nCovered Parking\nSecurity\nShared Gym\nShared Spa\nView of Landmark\nView of Water\nWalk-in Closet'],,['Listed:4 months ago'],['Off-plan'],"['DescriptionGood deal with Dubai GRANDE by EMAAR\n-A premium residential tower in the heart of the stylish Opera District, \n-Near Burj Khalifa and Dubai Opera OperaGrand \n-Dubai Fountain and the Opera House!! \n-Its floor is a good idea for a full panoramic view of the hustle bustle that the new \nOpera District will Witness! \n-Spectacular panoramic views over the Boulevard, \n-Business Bay walking distance to Dubai Mall, Opera House & Souk Al Bahar \n- 2 Bedroom(s) with en-suite bathrooms\n- Size: 1,282 square feet\n-Selling Price AED 2,251,888\nFor more details please call:\nKHUSRO\nMobile: +971558992429\nTel: +97143454888\nEmail: info@hsproperties(dot)ae\nH & S Real Estate prides itself as one of the competent real estate in Dubai, United Arab Emirates, Our mission is to serve the needs of our clients with a menu of tailored services designed to free the client from headaches and hassles of residential property management while maximizing the value of the investment.']"
2,['Amazing Unit | Corner Villa | Big plot |Best Offer'],"['Casa VivaDubai, Serena']",,['Villa'],"['2,800 sqft\n                      /            260 sqm']",['3'],['4'],"['1,500,000  AED']",['Partly furnished\nBalcony\nBuilt in Wardrobes\nCentral A/C\nSecurity\nShared Pool'],,['Listed:6 months ago'],['Off-plan'],"[""DescriptionFollowing the highly successful Casa Dora and Bella Casa, Casa Viva is the highly anticipated third community of Serena by Dubai Properties. Reflecting the preeminent Mediterranean lifestyle that has made Serena Villas in Dubai one of the most desirable properties in UAE, Casa Viva is a delightful family-centered community that offers relaxing natural vistas and a full suite of attractive amenities.\nBella Casa Viva in Serena offers 2 and 3 bedroom villas and townhouses with a maid room.\nProperty Features:\nBUA: 2,800 Sq. Ft\n3 Bedroom(s) with Ensuite Bath(s)\n1 Powder room\nSelling Price: 1,500,000 AED\nPayment Plan:\n•5% -Signing Date\n•5% -15-Sep-19\n•5% -15-Dec-19\n•5% - 15-May-20\n•5% -15-Dec-20\n•10%15-Jun-21\n•10%-15-Dec-21\n•10%-15-Jun-22\n•10%-15-Dec-22\n•10%-15-Jun-23\n•25%-15-Dec-23\nSee what's near Serena!\n•\tRESTAURANTS\n•\tCAFÉ\n•\tHOTELS\n•\tPETROL STATIONS\n•\tSUPERMARKETS\n•\tPOST OFFICES\n•\tATM\n•\tDEPARTMENT STORES\nFOR BOOKINGS PLEASE CALL :\nVIKAS\nMobile: +971558138770\nTel: +97143454888\nEmail address: info@hsproperties(dot)ae\nWebsite: www.hsproperty.ae\nH & S Real Estate prides itself as one of the competent real estate in Dubai, United Arab Emirates,Our mission is to serve the needs of our clients with a menu of tailored services designed to free the client from headaches & hassles of residential property management while maximizing the value of the investment.""]"
3,['Spacious | Bright | 1BHK | For Sale - Cour Jardin'],"['Damac Maison Cour Jardin\n                              4.4\n/52 ReviewsDubai, Business Bay']",,['Apartment'],"['1,322 sqft\n                      /            123 sqm']",['1'],['2'],"['950,000  AED']",['Unfurnished\nBalcony\nBuilt in Wardrobes\nCentral A/C\nSecurity\nShared Gym\nShared Pool'],,['Listed:5 months ago'],[],"['DescriptionTulip Home Real Estate is proud to offer the stunning one Bedroom apartment in Damac Courjardin Hotel Apartments, located in the heart of Business Bay..\nAbout Damac Courjardin:\nDAMAC Maison Cour Jardin is a stunning 19-storey mixed-use tower, for those who thrive on the buzz of the city. The stunning building blends seamlessly with its incredible neighborhood in the ‘platinum square kilometre’ of Dubai. Strategically located in the heart of the business, dining and shopping district of Dubai, these luxury suites are a sanctuary for both business and leisure travelers alike.\nProperty Details:\n- Huge One Bedroom apartment\n- 2 Bathroom\n- Balcony\n- Gym\n- Pool\n- Sauna\n- Partial Canal View\n- 5 minutes drive from Burj Khalifa\n- Vacant and ready to move in\nFOR MORE DETAILS PLEASE CONTACT.                                                \nKamal Al Adawi\nMob no.: +971507691701\nkamal@tuliphomere.com\nBRN: 44544\nOFFICE DETAILS: \nTULIP HOME REAL ESTATE \nORN: 22554\nPermit No. 0379316490                      \nOffice No. +97143935282\nwww.tuliphomere.com']"
4,['Villa first inhabitant central air conditioning'],"['Al Mwaihat 1Ajman, Al Mwaihat']",,['Villa'],"['5,500 sqft\n                      /            511 sqm']",['6'],['7+'],"['1,850,000  AED']","[""Unfurnished\nBalcony\nBarbecue Area\nBuilt in Wardrobes\nCentral A/C\nChildren's Play Area\nChildren's Pool\nConcierge\nCovered Parking\nKitchen Appliances\nLobby in Building\nMaid Service\nPrivate Garden\nPrivate Gym\nPrivate Jacuzzi\nPrivate Pool\nSecurity\nShared Gym\nShared Pool\nShared Spa\nStudy\nVastu-compliant""]",,[],['Ready'],"[""DescriptionOffers Al-Mutairi Real Estate and Contracting\nVilla for sale with all the features you want\nVilla first inhabitant central air conditioning\nThe villa is close to the mosque nearby Sheikh Ammar Street Mamteh you to move quickly between all Emirates\nFollowed at a distance of 20 minutes from the airport East\nFollowed a 30 minute drive from Dubai Airport\nFollowed at a distance of 3 minutes on Sheikh Ammar Street\n\xa0\nThe villa area is 5000 square feet\nConsists of two floors first floor is\n1- Master room on the ground floor\n2- Master Council\n3- Master Lounge\n4 - large kitchen\n5- Maid's room\n6 - area dedicated to the plant and there are trees\n7 - parking space can accommodate more than 3 cars\nThe second floor consists of\n1- 4 Master Rooms\n2- Preparatory kitchen\n3-Lounge\nThe company offers after sales service\nAlso give warranty for maintenance\nThe villa is the first inhabitant\nAl-Mutairi Real Estate offers this villa to all who want to get rid of rents\nPay in your property by installments better than rentals\nThe company also provides all banking facilities for customers\nThe company also offers the possibility of installment for customers in a small amount\nThe price is 850 thousand dirhams""]"
5,['EXCLUSIVE C3 | Stunning 4BR + M | Detached Villa'],"['EsmeraldaDubai, Dubai Sports City, Victory Heights']",,['Villa'],"['3,201 sqft\n                      /            297 sqm']",['4 + Maid'],['4'],"['2,900,000  AED']",['Unfurnished\nBalcony\nBuilt in Wardrobes\nCentral A/C\nCovered Parking\nKitchen Appliances\nMaids Room\nPets Allowed\nPrivate Pool\nSecurity\nShared Gym\nShared Pool\nStudy\nWalk-in Closet'],,['Listed:more than 6 months ago'],['Ready'],"['DescriptionKatie Savage, Victory Heights specialist at The Urban Nest Real Estate Broker is proud to present exclusively to the market this stunning 4 bedroomed property. Immaculately presented. Must be seen.                                     \nDescription:\n•\tFour Bedrooms with maids room\n•\tDetached villa\n•\tBuilt-up area 3201 square feet\n•\tPlot size 6600 square feet\n•\tFour bathrooms\n•\tParking for 2 cars with garage\n•\tPrivate pool and jacuzzi\n•\tOutside entertaining area with bar and barbeque\n•\tChildren’s play areas\n•\tSecurity controlled golf course community\n•\tSelling Price  AED2,900,000\n•\tPlease call  +971507151741  for viewing\nVictory Heights is a popular gated community built around the Ernie Els-designed golf course. The community is largely made up of lots of green open space with parks in most of the villages for residents to enjoy. \nThere are 4 entrances and exits that lead to the three major road networks of Al Khail, Hessa Street and Sheikh Mohammad Bin Zayed Road so access in and out of the community is easy.']"
6,['EXCLUSIVE | Reduced Price | Upgraded Type 15'],"['Terra NovaDubai, Arabian Ranches']",,['Villa'],"['4,389 sqft\n                      /            408 sqm']",['5 + Maid'],['6'],"['4,300,000  AED']",['Unfurnished\nBalcony\nBuilt in Wardrobes\nCentral A/C\nMaids Room\nPrivate Garden'],,['Listed:more than 6 months ago'],['Ready'],"['DescriptionShereen Fawzi Skinner from The Urban Nest is proud to present to the market this beautifully upgraded villa in Arabian Ranches.\nDescription below:\n•\tFive Bedrooms\n•\tType 15 villa\n•\tBuilt-up area 4389 square foot\n•\tPlot size 7578 square foot\n•\tMaids room and Six bathrooms\n•\tCommunal swimming pools and gymnasium\n•\tParking for 4 cars with garage\n•\tChildren’s play areas and Security controlled community\n•\tPrice: AED 4,300,000\n•\tPlease call +971525298649 for viewing\nArabian Ranches is an area developed by Emaar. The community is ideal for families with many parks, schools, and nurseries close by. This is a golf community with the Ranches championship golf course. The golf club has two restaurants.\nArabian Ranches is a family community where Luxury homes are entwined around tranquil landscaping and are located only a short distance from Burj Khalifa and Dubai Polo Equestrian Club. Set amidst lush green landscaping, Arabian Ranches is the idyllic setting that ensures privacy and lifelong serenity.']"
7,['Penthouse I Lovely View I 4 BR I FOR SALE!'],"['C1Dubai, The Hills, The Hills C']",,['Penthouse'],"['3,704 sqft\n                      /            344 sqm']",['4'],['5'],"['7,499,999  AED']",['Unfurnished\nBalcony\nCentral A/C\nShared Gym\nShared Pool'],,['Listed:more than 6 months ago'],['Ready'],"[""DescriptionAl Basel Real Estate proudly offers you this amazing 4 Bedroom in The Emirates Hills for SALE!\nApartment Details:\n* 4 Bedroom + Maid's Room + Study Room\n*Vida Residence Duplex\n* 3,704.58 Sq.Ft. (as per title deed)\n* Larger & Spacious Unit\n* For Sale AED 7,499,999\nAbout The Hills:\nThe Hills is an elegantly designed community, featuring low-rise apartments that overlook the rolling greens of the Emirates Golf Club. The one, two, and three-bedroom homes in The Hills are set in two buildings of 12 and 15 storeys and offer easy access from Sheikh Zayed Road, the main thoroughfare. To add to the quality of life, The Hills offers an array of amenities including an immaculately-maintained yoga lawn, barbeque deck, health and fitness facilities, children’s play area and welcome lobby. All homes sport contemporary finishes and modern fittings.\nViewing please contact Mr. Mohammed +971585491911\nORN 825""]"
8,['4 Years Post Handover Plan | 100% DLD Waiver | 2BR'],"['Jumeirah Living Marina GateDubai, Dubai Marina, Marina Gate']",,['Apartment'],"['1,529 sqft\n                      /            142 sqm']",['2'],['3'],"['3,548,000  AED']","[""Unfurnished\nBalcony\nBarbecue Area\nBuilt in Wardrobes\nCentral A/C\nChildren's Play Area\nChildren's Pool\nConcierge\nCovered Parking\nKitchen Appliances\nLobby in Building\nMaid Service\nNetworked\nPets Allowed\nSecurity\nShared Gym\nShared Pool\nShared Spa\nView of Landmark\nView of Water""]",,['Listed:more than 6 months ago'],['Off-plan'],"['DescriptionCURATED LIFESTYLE \n4 Years Post Handover Payment Plan\nCompletion in Q2, 2020\nPay 50% over 4 years\nJumeirah Living Marina Gate combines the privacy and comfort of home with a range of on-site services and amenities of a luxury Jumeirah hotel.\nUnrivalled location in Dubai Marina\nStunning waterfront views\nDirect access to the Marina Walk\nConveniently located serene resident’s lounge\nState-of-the-art gymnasium with the latest fitness equipment and a relaxing sauna\nStunning temperature-controlled infinity pool manned by trained attendants\nLively children’s pool with play area\nElegantly appointed, separate lobbies and elevator banks for the serviced and branded residences\nA dedicated guest relations team at your disposal including an onsite residential manager, concierge, security, housekeeping and valet services\nComplimentary membership to Jumeirah Sirius\nEnrollment to isme  Elite by Jumeirahᵀᴹ  membership']"
9,['Panoramic Burj & Fountain View | Massive 2BR'],"['Burj Vista 1\n                              3.6\n/51 ReviewsDubai, Downtown Dubai, Burj Vista']",,['Apartment'],"['1,711 sqft\n                      /            159 sqm']",['2'],['3'],"['2,999,999  AED']",['Unfurnished\nBalcony\nBuilt in Wardrobes\nCentral A/C\nConcierge\nKitchen Appliances\nPets Allowed\nShared Gym\nShared Pool\nWalk-in Closet'],,['Listed:2 months ago'],['Ready'],"['DescriptionZenith Homes  is proud to offer this stunning 2 bedroom apartment  facing Burj Khalif  in Burj Vista, located in the heart of Dubai Downtown. The most prestigious square kilometer in the world including iconic feats such as Burj Khalifa, The Dubai Mall and The Dubai Fountain. Living in the Centre of Now is about being at the epitome of a 360-degree lifestyle of urban living with work, play, leisure and retail on your doorstep. \n- Full Views of Burj and Fountain \n- Fully Fitted Kitchen\n- Balcony\n- Spacious Layout\n- Front Facing\n- Direct Access to Dubai Mall, Metro and Emaar Square\n- Football / Basketball Court and Kids Play areas\n- Big Swimming Pool\n- Large Gym\n- Premium Facilities \nThe apartment consists of a large open plan living and dining area with floor to ceiling windows and access to the balcony. Amazing planned modern kitchen including appliances. There are 2 spacious bedrooms both with en-suite baths and built-in wardrobes.']"
10,['3BR TH | Best Finishes | Prime Location'],"['The Polo TownhousesDubai, Meydan, Meydan Gated Community']",,['Townhouse'],"['2,531 sqft\n                      /            235 sqm']",['3'],['4'],"['2,649,999  AED']",['Unfurnished\nBuilt in Wardrobes\nCentral A/C\nCovered Parking\nWalk-in Closet'],,['Listed:3 months ago'],['Ready'],"['DescriptionElysian Real Estate Broker is proud to offer this 3 bedroom townhouse located in The Polo Townhouses, Meydan Gated Community.\nMultiple options available\nUnit Details:\n* Available from Dec 2019\n* Spacious Townhouse\n* Unit Type: Middle\n* View: Community pool\n* Kitchen: Closed and Fully Fitted\n* Bathrooms: 6\n* Maids Room\n* Private Garage\n* Built-up area: 2,531 square feet\n* Un-furnished\nBuilding Amenities:\n* Beautiful Landscaped Gardens\n* Community Centre within 0.5 km \n* Easy access to Al Asayel Street , Al Khail  Road , Dubai Al Ain Road\nPolo Townhouses in Meydan is a private gated community, consisting of 106 residences, offering a wonderful site combining nature and modern architecture in perfect symmetry, covered with beautiful greenery and landscapes, designed to resemble a natural resort.\nCall our Meydan Gated Community expert for more information or viewing Mr. Inayat. \nElysian Real Estate Broker LLC\nORN RERA: 619\nPhone no: +97142496300\nWebsite: www.elysian.com\nOffice 204 Bldg 06 Bay square Business Bay']"
11,['5-Year Payment plan | Interest Free | 5% Booking'],"['EdenDubai, The Valley']",,['Villa'],"['2,326 sqft\n                      /            216 sqm']",['4 + Maid'],['4'],"['1,539,888  AED']",['Unfurnished\nBalcony\nBuilt in Wardrobes\nCentral A/C\nCovered Parking\nMaids Room\nPets Allowed\nPrivate Garden\nSecurity\nShared Gym\nShared Pool\nShared Spa\nView of Landmark'],,['Listed:8 days ago'],[],"[""DescriptionThe Valley's first villa / Townhouse community, Eden is designed to elevate your every day.\n3- & 4-bedroom villas in three architectural styles.\nYOUR EVERY WHIM, WITHIN REACH\nJust a 5-minute walk from Eden, The Pavilion will offer an impressive array of retail and leisure experiences for the very first residents at The Valley, including bicycle tracks, kids' play areas, a zen garden, and much more. There wil be something for your every day at Eden.\nTHE LIFESTYLE OF YOUR DREAM AWAITS\nAt The Valley, Emaar has put together its finest minds to bring you the best-in-class family amenities that have never been seen before in the region.\nWith well-shaded walkable streets, generous green spaces and an array of exceptional amenities, you and your loved ones will live the lifestyle you have always dreamed of.\nThe Valley is envisioned as a new quaint town.\nIt is comprised of a network of residential neighbourhoods through tributaries of lush greenery, forging a network of green open spaces and best-in-class community amenities that have never before been seen in the region.\nThe design concept stems from the desire to establish a strong sense of community family living, equipped with retail, entertainment, recreational, educational and health facilities.\nThis makes The Valley the perfect place for residents and their loved ones to power their dreams, becoming the next generation of UAE’s innovators and change-makers.\nThe Valley by Emaar is a Freehold property in Dubai with 100% ownership and a title deed that allows you to get residency visa in Dubai. Easy instalment plan with no interest.\nSPECIAL LAUNCH OFFER:\n------------------------------------\n*70/30 - 30 Months Post Completion Payment Plan\n*50% DLD Fee Waiver\nLet's talk\n--\nCall Khaled Shamma on +971508492962\n(Arabic / English)\nBRN 32968\n--\nDubai, UAE, ORN 12312""]"
12,['Wonderful 3BR+maids T house sea View in Granada'],"['GranadaRas Al Khaimah, Mina Al Arab']",,['Townhouse'],"['3,250 sqft\n                      /            302 sqm']",['3 + Maid'],['4'],"['1,450,000  AED']",['Unfurnished\nBalcony\nBuilt in Wardrobes\nCentral A/C\nCovered Parking\nMaids Room\nPets Allowed\nPrivate Garden\nSecurity\nShared Pool\nStudy\nView of Water'],,[],['Ready'],"['DescriptionWonderful 3BR+maids room Townhouse sea View in Granada located  in Mina Al Arab,Ras Al Khaimah that has excellent facilities such s lagoon, swimming pools , beach, Mall and hotels.\nFOURSEASONS \nWe provide good honest, friendly and reliable service. We want to build long-term clients so we will look after you and your property. We can help you with advice, guidance and relocation. We have many connections and receive many new listings to find the right property for buying or renting. If you are an investor we can provide special service in finding you good discount deals too. We are active in renting properties and can help landlords by ensuring the properties are let quickly and looked after too. \nfor more information please contact us \nViewing by appointment.']"
13,"['L1 Hattan | Huge corner plot | BUA 7,000 sq.ft']",[],,['Villa'],"['6,967 sqft\n                      /            647 sqm']",['6 + Maid'],['6'],[],[],,[],[],[]
14,['Type 4D1 | Largest 4 bedroom | Motivated sellers'],"['Villa Lantana 2Dubai, Al Barsha, Villa Lantana']",,['Villa'],"['4,151 sqft\n                      /            386 sqm']",['4 + Maid'],['5'],"['3,650,000  AED']",['Unfurnished\nBalcony\nBuilt in Wardrobes\nCovered Parking\nMaids Room\nPrivate Garden\nStudy'],,['Listed:3 months ago'],['Ready'],"['Description- Largest 4 Bedroom Lantana villa\n- All double en-suite bedrooms\n- Large open plan living rooms\n- Large family room, study & maids\n- Generous fully fitted kitchen\n- Built up area of 4,151 sq.ft\n- Pool and sports facilities close by\n- Call Robert on +971502467948\nIn brief the accommodation comprises:\nReception hallway, study, 2 large reception rooms. Fitted kitchen, Maids room and cloakroom/Wc.\nTo the first floor, 4 double bedrooms, all with fitted wardrobes and en-suite bathrooms as well as a large family room to the top of the stairs.\nCall Robert (BRN: 30875) on +971502467948 for more information, to arrange a viewing or to make an offer.\nFinance is available on this property through haus & haus partners. Please speak to us for more information.\nFor further details or to arrange viewings, please contact our Head Office on +97143025800, alternatively visit our website www.hausandhaus.com where you will find our full selection of properties available both for sale and rent.']"
15,['V4 | Independent 5BR Plus MR | Near Pool'],"['Silver SpringsDubai, DAMAC Hills (Akoya by DAMAC)']",,['Villa'],"['5,000 sqft\n                      /            465 sqm']",['5 + Maid'],['6'],"['3,050,000  AED']",['Unfurnished\nBalcony\nBuilt in Wardrobes\nCentral A/C\nCovered Parking\nKitchen Appliances\nMaids Room\nPets Allowed\nPrivate Garden\nSecurity\nShared Gym\nShared Pool\nView of Landmark\nWalk-in Closet'],,['Listed:more than 6 months ago'],['Ready'],"['DescriptionNovel Homes Properties offers you this Brand new  5 bedroom Plus Maidroom villa in Damac Hills ( Akoya By DAMAC ).\n* 5 Bedroom Independent Villa in Damac Hills\n* Type: V4\n* Huge Living and Dining Area\n* Excellent Location,close to the pool Park \n* BUA 4,200 Sq.Ft.\n* Plot 5,000 Sq.Ft.\n* Spacious with Great Layout\n* Motivated Seller\n* Bedrooms with En-suite Bathroom\n* One room Downstairs\n* 2 Car Parking\n* Large Plot Size\n* Fully Fitted Kitchen & Bathroom\n* Located Close to Golf Course, Golf Club, Restaurants, Bars, Park,within the community\n* Rented Till Oct 2019 at 160k \nJust a 10 minute drive along the Umm Suqeim Road, this exclusive community boasts easy access to the city’s major road networks, yet it feels like a world apart.\nFOR MORE DETAILS PLEASE CONTACT...\nTara Sharma\nMob no.: +971565345065\ntara @novelproperties.ae\nBRN: 33965\nOFFICE DETAILS:\nNOVEL HOMES PROPERTIES \nORN: 15717 \nPermit No. 1025475872\nOffice No. +97145519969\nToll Free Number: 800 - NOVEL(66835)\nwww.novelproperties.ae']"
16,['For Sale 3Bedroom Apartment in City Walk'],"['Building 1Dubai, City Walk']",,['Apartment'],"['2,971 sqft\n                      /            276 sqm']",['3 + Maid'],['5'],"['6,450,000  AED']",['Furnished\nBalcony\nBuilt in Wardrobes\nCentral A/C\nCovered Parking\nKitchen Appliances\nMaids Room\nShared Gym\nShared Pool\nView of Water'],,['Listed:7 days ago'],['Ready'],"['DescriptionFully Furnished\xa03 Bedroom Apartment\nBrought to you by Driven Properties, this 3 Bedroom Apartment is Located in Building 1, City Walk.\nUnit Details:\n● Available\n● High floor\n● Unit Type: Corner\n● View: Boulevard and Downtown\n● Kitchen: Open & Fully Fitted\n● Bathrooms: 4.5\n● Internal Area: 2971 Square Feet\n● Balcony Area: 43 Square Feet\n● No. of Parking: 2\nBuilding Amenities:\n● Close to Metro Station\n● Yoga Platform\n● Children Playground\n● 24 Hour Security\n● 10 minutes drive to Dubai Mall\nComplimentary mortgage advisory through Driven Properties via partnerships with over 15 UAE banks.\nCall our City Walk expert for more information or viewing on +97144297040 or Out of office hours orweekends call +971553658402.\nSince 2012, Driven Properties has grown to be one of the largest real estate platforms in the region. Through multiple branches in Dubai, Ajman, China, and Saudi Arabia, Driven Properties manages a portfolio of over 10,000 units.']"
17,['Amazing Investment opportunity | Great Location'],"['The BridgesAbu Dhabi, Al Reem Island, Shams Abu Dhabi']",,['Apartment'],['636 sqft\n                      /            59 sqm'],['1'],['1'],"['700,000  AED']",[],,[],['Off-plan'],"['DescriptionThe Bridges, six mid-rise towers, each offering 212 homes. From smart studios to spacious 3-bedroom apartments, every property brings you the very best of capital living on Reem, with balconies looking out over the canal, park, sea or city skyline.\nHandover March 2020\nProperty Details:\n-Living area and Dining area\n-Bedroom\n-Bathroom\n-Kitchen\n-Balcony\n-Laundry area\nAmenities:\n-Supermarket\n-Restaurants\n-Universities\n-Hospitals\n-Malls\n-Swimming Pool\n-Gymnasium\n-Parking\nSKK Properties LLC is a fully integrated property services provider specializes in the management of residential and commercial property complexes and buildings. We offer comprehensive services for both landlords and tenants. We offer our clients fully integrated property services, ranging from Management, Assistance in Buying, Selling, Renting and Investment.']"
18,['Pay 30% & Start Building your Villa - Balance in 4 Yrs'],"['Fairway VistasDubai, Dubai Hills Estate, Dubai Hills']",,['Land'],"['5,157 sqft\n                      /            479 sqm']",['6'],[],"['5,100,000  AED']",[],,['Listed:8 days ago'],['Ready'],"['DescriptionColdwell Banker Global Luxury with over 3000 offices world wide & presence in 48 Countries Limited Time Offer:*\xa0 Save 4% Land Department Regn Fee FREE *\xa0 Pay Over 4 Years Payment Plan & build your villa in 15 months*\xa0 Start Construction/ Resell after 30% of Plot value is paid up i.e AED 2.7 Million*\xa0 5 Years FREE Service Charge Waiver*\xa0 Special Offer - Free Initial No Obligation Meeting on purchase with Experienced Consultant.*\xa0 Option to Build Basement @ 0.75 FAR*\xa0\xa0 Fully Operational Golf Course by Troon Golf*\xa0\xa0 Call for a confidential & no obligation advise at No Cost to you. 0% FeeCustom Build your Villa in the midst of a fully functional 18 Hole championship Golf Course. This is an unprecedented opportunity to build your one of a kind home. Option to Build Basement + Ground + 1st Floor + Roof.Dubai Hills Golf Club encompasses 1.2 Sqmtr of meticulously manicured fairways and is a 10 min drive to the iconic Burj khalifa, Dubai Fountain & Dubai Mall. Community has amenities ranging from :* Disclaimer : Pictures are indicative of the community & do not depict the actual elevation or view from the plot. For a detailed discussion of view/pricing/availability please call for details.']"
19,['Waterfront 5BR Villas | Direct from the Developer'],['Al Jubail IslandAbu Dhabi'],,['Villa'],"['7,142 sqft\n                      /            664 sqm']",['5'],['7+'],"['8,620,000  AED']",[],,[],['Off-plan'],"[""DescriptionWaterfront 5BR Villa\nPlot Area: Starting 17,211 sqft.\nGSA: 7,142 sqft.\nAdditional External Amenties:\nDriver's Room with Bathroom\nFry Kitchen\nStore Room\nWelcome to Jubail Island. \nA thriving and diverse master planned community surrounded by the tranquility of nature. \nA stylish island oasis of unparalleled beauty; positioned against the backdrop of UAE’s thriving capital city, where amazing architecture will blend seamlessly with the diverse natural environment to provide an unrivaled quality of life that is a dream come true.\nA true sense of belonging.\nSprawled across 4,000 hectares of mangrove forests and coastal estuaries with more than 30 km of waterfront, Jubail Island will be home to 6 distinct village communities, with deliberately bespoke, breathtakingly picturesque residential areas and community facilities.\nThe planning was guided by the following four principles - each a hallmark of successful towns around the world: \nDiscovery and Connectivity\nWellness and Activity\nJust outside Abu Dhabi - between Yas Island and Saadiyat Island – Jubail Island is a neighborhood unlike any other in the United Arab Emirates.\nLocated in a protected natural environment of stunning beauty, its surrounding ecosystem supports a diversity of wildlife.\nJubail Island is reality - a stunning refuge within a community waiting to be explored, just outside the vibrant inner city. Its breathtaking landscape plays an integral part of the UAE’s rich and vital ecosystem.\nYour journey into this sanctuary away from busy city life begins with a series of beautiful gateway experiences leading into a network of scenic drives, with views to the open water.""]"
20,['Full sea view over looking the Palm'],"['Princess Tower\n                              3.8\n/518 ReviewsDubai, Dubai Marina']",,['Apartment'],"['2,013 sqft\n                      /            187 sqm']",['3'],['3'],"['1,800,000  AED']",['Unfurnished\nBalcony\nBuilt in Wardrobes\nCentral A/C\nCovered Parking\nKitchen Appliances\nPets Allowed\nView of Water'],,['Listed:29 days ago'],['Ready'],"['Description3 bedrooms with Maids roomfull sea view view\xa0mid level\xa0Retail at the ground levelwalking distance to the beachclose to Dubai Tramvacant and ready to move inn\xa0The 414 metre Princess Tower at Dubai Marina is the tallest residential building in the Middle East and the second-tallest residential building in the World.It has a total of 100 storeys, ground floor and 6 basement parking levels.It contains over 700 luxury residential apartment units of two, three and four bedrooms, along with duplex villas and penthouses.Amenities at The Princess Tower include swimming pools, a gymnasium, a childrens day care nursery, a sauna club, a prayer area and a private car parking area for each resident in addition to a luxurious reception area.\n\xa0 \xa0 \xa0 \xa0 \xa0 \xa0 \xa0 \xa0 \xa0 \xa0 \xa0 \xa0 \xa0 \xa0 \xa0 \xa0 \xa0 \xa0 \xa0 \xa0 \xa0 \xa0 \xa0 \xa0 \xa0 \xa0 \xa0 \xa0 \xa0 \xa0 \xa0 \xa0 \xa0 \xa0 \xa0\xa0Call us on ++97145616900 or visit www.obg.ae for further details.One Broker GroupRERA ORN: 17196 Office phone no: +97145616900Primary email: info@obg.aeWebsite: www.obg.ae']"
21,['5% Guaranteed NET Income for 2 Years / Q4 2020'],"['Jumeirah LuxuryDubai, Jumeirah Golf Estates']",,['Villa'],"['1,184 sqft\n                      /            110 sqm']",['3'],['3'],"['2,475,000  AED']",[],,['Listed:3 days ago'],['Off-plan'],"['DescriptionGlobal99 Real Estate is delighted to bring this modern 4 bedroom to the market for sale.- 4 Bedrooms plus maids- Type Flower V1- 3,438 SqFt BUA- 2,819 SqFt Plot- Payment plan suits mortgage buyer- Corner PlotHandover is now projected for Q4 of this year (2020).The payment plan for this property means that there is 25% to put down and then the rest can be paid by your bank upon handover.The show villa for the development is now completed and shows off the modern finish of these properties.Downstairs offers and open living / dining area from the kitchen. There is a bedroom downstairs and 3 further bedrooms upstairs.The 2nd floor is a stunning roof terrace which is ideal for entertaining.Finance is available on this property through Global99 Real Estate Mortgage Services.To discuss this property or to arrange a viewing please call Jamila Menlibay on +971557355122.']"
22,['Skyscraper Aykon Heights Apts w/ Best Payment Plan'],"['Aykon CityDubai, Business Bay']",,['Apartment'],['873 sqft\n                      /            81 sqm'],['1'],['1'],"['899,999  AED']",['Furnished\nBalcony\nBuilt in Wardrobes\nCentral A/C\nConcierge\nCovered Parking\nSecurity\nShared Gym\nShared Pool\nView of Landmark'],,['Listed:3 days ago'],['Off-plan'],"['DescriptionAykon Heights at Aykon City\nin Business Bay, Sheikh Zayed Road\nProperty details:\nLuxury Furnished Apartments\n1 Bedrooms\nBUA: 627 - 873 sqft\nSelling Price: AED 899,999 - 1.2M\nAttractive Payment Plan:\n14% Downpayment\n40% in Year 1 (10% every 3 months)\n40% in Year 2 (10% every 3 months)\n10% in Year 2.5 (5% in every 3 months)\nCompletion Date: December 2021\nTicket Price and per sqft\nAverage Selling Price AED 699,999 for studio units\nMin per sqft at AED 1,375\nFeatures and amenities:\nSpa\nGymnasium\nKids Club\nCovered Parking (2 Basements and 10 Podiums)\nLounge deck\nFloating palms\nWater lounge bar\nElevated timber path\nCabanas and lounge\nLawn areas\nChildren’s play area\nShared Pools:\nLarge central lagoon pool (family) = 12,701 sqft\nFormal lap pool (adults) = 1,991 sqft\nTotal area of accessible pools = 17,943 sqft\nSplash pad (children) = 452 sqft\nSun pool (family) = 2,906 sqft\nNearby areas:\nDubai Canal\nBurj District\nDubai Mall\nSafar Park\nOffices\nHotels\nShopping\nRestaurants\nContact our Damac Expert, Saber Basmeh for further details and booking the unit.']"
23,['DAMAC Towers by Paramount Hotels and Residences.'],"['Tower DDubai, Business Bay, DAMAC Towers by Paramount']",,['Apartment'],"['1,644 sqft\n                      /            153 sqm']",['3'],['3'],"['2,733,000  AED']",['Furnished\nConcierge\nShared Pool'],,['Listed:30 days ago'],['Off-plan'],"['DescriptionLuxurious 3 Bedroom in Business Bay by Paramount\nLocated in Sheikh Zayed Road, Business Bay\n2 mins from Dubai Mall\nSize: 1644 SFT on high floor with amazing view \nBranded by Paramount with great finishing\nConstruction in progress in good stage\nFlexible payment terms\nPrime location in the heart of Dubai\nFor those seeking a little more room, with separate living and dining areas as well as numerous bedrooms, floors 18 to 56 offer a collection of luxury residences. Combining the comforts of home with the Paramount amenities and service. \n- Grand lobby\n- Ample parking\n- Two and three bedroom apartments\n- Two exclusive penthouses\n- Restaurants and lounges\n- Wellness and fitness centre\n- Steam room and sauna\n- Kids Studio Club\n- Luxury spa\n- Meetings and events facilities\n- Screening room modeled after the professional studios at Paramount\nResidents and guests can enjoy high-end shopping with the perfect combination of global luxury and California cool, just like Rodeo Drive. Every possible luxury is just moments away at DAMAC Towers by Paramount Hotels & Resorts Dubai.']"
24,['2 Bed | Best Lay Out | Vacant | Private Balcony'],"['Yansoon 1Dubai, Old Town, Yansoon']",,['Apartment'],"['1,272 sqft\n                      /            118 sqm']",['2'],['3'],"['2,250,000  AED']",['Unfurnished\nBalcony\nCentral A/C\nConcierge\nCovered Parking\nKitchen Appliances\nPets Allowed\nSecurity\nShared Gym\nShared Pool'],,['Listed:28 days ago'],['Ready'],"['DescriptionThe Noble House Real Estate is proud to offer this 2 bedroom ensuite apartment for Sale in Yansoon. \nThe property is vacant and is very well kept to the highest standard. Yansoon apartments are highly sought in the Old Town area. This property features 2 bedrooms and 3 bath t with a private balcony and storage available at the desirable and amenity-rich building.\nThe spacious bedroom, light-filled apartment features floor to ceiling windows boasting the view of the courtyard. The close kitchen includes built-in kitchen appliances like a cooker, dishwasher, and fridge.\nBuilt Up area is 1,272 sq.ft\nAdditional features include  fitted closets, central air conditioning and private storages. \nYansoon Building is also part of the residential community which is located within the Downtown Dubai. The latter is combined with low rise 3 story apartment and mid-rise buildings with penthouses as well.\nFor arranged viewings pls call The Noble House Real Estate at +97144566135 or for more details and images of the property, visit our website at www.tnh.ae.']"
